<?xml version="1.0" encoding="UTF-8"?>
<!DOCTYPE generatorConfiguration
        PUBLIC "-//mybatis.org//DTD MyBatis Generator Configuration 1.0//EN"
        "http://mybatis.org/dtd/mybatis-generator-config_1_0.dtd">

<generatorConfiguration>
    <!--这个是依赖的路径，记得替换成自己的-->
    <classPathEntry
            location="D:\Idea_Maven\m2\repository\mysql\mysql-connector-java\8.0.16\mysql-connector-java-8.0.16.jar"/>

    <context id="table" targetRuntime="MyBatis3">
        <plugin type="org.mybatis.generator.plugins.UnmergeableXmlMappersPlugin"></plugin>
        <plugin type="org.mybatis.generator.plugins.RowBoundsPlugin"></plugin>
        <commentGenerator>
            <property name="suppressAllComments" value="true"></property>
        </commentGenerator>
        <jdbcConnection driverClass="com.mysql.cj.jdbc.Driver"
                        connectionURL="jdbc:mysql://localhost:3306/newhoteldb?serverTimezone=UTC&amp;useUnicode=true&amp;characterEncoding=utf-8&amp;useSSL=true"
                        userId="root"
                        password="root">
            <!--不生成withblog文件-->
            <property name="nullCatalogMeansCurrent" value="true" />
        </jdbcConnection>

        <javaTypeResolver>
            <property name="forceBigDecimals" value="false"/>
        </javaTypeResolver>

        <javaModelGenerator targetPackage="com.example.demo.Model"
                            targetProject="src/main/java">
            <property name="enableSubPackages" value="true"/>
            <property name="trimStrings" value="true"/>
        </javaModelGenerator>
        <!--生成映射文件存放位置-->
        <sqlMapGenerator targetPackage="mapping" targetProject="src/main/resources">
            <property name="enableSubPackages" value="true"/>
        </sqlMapGenerator>
        <!--生成Dao类存放位置-->
        <javaClientGenerator type="xmlmapper" targetPackage="com.example.demo.Dao"
                             targetProject="src/main/java">
            <property name="enableSubPackages" value="true"/>
        </javaClientGenerator>

        <table tableName="admin" domainObjectName="Admin">
            <property name="useActualColumnNames" value="false"/>
        </table>



    </context>
</generatorConfiguration>
