<?xml version="1.0" encoding="UTF-8"?>
<!DOCTYPE mapper PUBLIC "-//mybatis.org//DTD Mapper 3.0//EN" "http://mybatis.org/dtd/mybatis-3-mapper.dtd">
<mapper namespace="com.example.demo.Dao.UserMapper">
  <resultMap id="BaseResultMap" type="com.example.demo.Model.User">
    <id column="uid" jdbcType="VARCHAR" property="uid" />
    <result column="openid" jdbcType="CHAR" property="openid" />
    <result column="nickName" jdbcType="VARCHAR" property="nickname" />
    <result column="token" jdbcType="VARCHAR" property="token" />
    <result column="avatarUrl" jdbcType="VARCHAR" property="avatarurl" />
    <result column="gender" jdbcType="TINYINT" property="gender" />
  </resultMap>
  <sql id="Example_Where_Clause">
    <where>
      <foreach collection="oredCriteria" item="criteria" separator="or">
        <if test="criteria.valid">
          <trim prefix="(" prefixOverrides="and" suffix=")">
            <foreach collection="criteria.criteria" item="criterion">
              <choose>
                <when test="criterion.noValue">
                  and ${criterion.condition}
                </when>
                <when test="criterion.singleValue">
                  and ${criterion.condition} #{criterion.value}
                </when>
                <when test="criterion.betweenValue">
                  and ${criterion.condition} #{criterion.value} and #{criterion.secondValue}
                </when>
                <when test="criterion.listValue">
                  and ${criterion.condition}
                  <foreach close=")" collection="criterion.value" item="listItem" open="(" separator=",">
                    #{listItem}
                  </foreach>
                </when>
              </choose>
            </foreach>
          </trim>
        </if>
      </foreach>
    </where>
  </sql>
  <sql id="Update_By_Example_Where_Clause">
    <where>
      <foreach collection="example.oredCriteria" item="criteria" separator="or">
        <if test="criteria.valid">
          <trim prefix="(" prefixOverrides="and" suffix=")">
            <foreach collection="criteria.criteria" item="criterion">
              <choose>
                <when test="criterion.noValue">
                  and ${criterion.condition}
                </when>
                <when test="criterion.singleValue">
                  and ${criterion.condition} #{criterion.value}
                </when>
                <when test="criterion.betweenValue">
                  and ${criterion.condition} #{criterion.value} and #{criterion.secondValue}
                </when>
                <when test="criterion.listValue">
                  and ${criterion.condition}
                  <foreach close=")" collection="criterion.value" item="listItem" open="(" separator=",">
                    #{listItem}
                  </foreach>
                </when>
              </choose>
            </foreach>
          </trim>
        </if>
      </foreach>
    </where>
  </sql>
  <sql id="Base_Column_List">
    uid, openid, nickName, token, avatarUrl, gender
  </sql>
  <select id="selectByExample" parameterType="com.example.demo.Model.UserExample" resultMap="BaseResultMap">
    select
    <if test="distinct">
      distinct
    </if>
    <include refid="Base_Column_List" />
    from user
    <if test="_parameter != null">
      <include refid="Example_Where_Clause" />
    </if>
    <if test="orderByClause != null">
      order by ${orderByClause}
    </if>
  </select>
  <select id="selectByPrimaryKey" parameterType="java.lang.String" resultMap="BaseResultMap">
    select 
    <include refid="Base_Column_List" />
    from user
    where uid = #{uid,jdbcType=VARCHAR}
  </select>
  <delete id="deleteByPrimaryKey" parameterType="java.lang.String">
    delete from user
    where uid = #{uid,jdbcType=VARCHAR}
  </delete>
  <delete id="deleteByExample" parameterType="com.example.demo.Model.UserExample">
    delete from user
    <if test="_parameter != null">
      <include refid="Example_Where_Clause" />
    </if>
  </delete>
  <insert id="insert" parameterType="com.example.demo.Model.User">
    insert into user (uid, openid, nickName, 
      token, avatarUrl, gender
      )
    values (#{uid,jdbcType=VARCHAR}, #{openid,jdbcType=CHAR}, #{nickname,jdbcType=VARCHAR}, 
      #{token,jdbcType=VARCHAR}, #{avatarurl,jdbcType=VARCHAR}, #{gender,jdbcType=TINYINT}
      )
  </insert>
  <insert id="insertSelective" parameterType="com.example.demo.Model.User">
    insert into user
    <trim prefix="(" suffix=")" suffixOverrides=",">
      <if test="uid != null">
        uid,
      </if>
      <if test="openid != null">
        openid,
      </if>
      <if test="nickname != null">
        nickName,
      </if>
      <if test="token != null">
        token,
      </if>
      <if test="avatarurl != null">
        avatarUrl,
      </if>
      <if test="gender != null">
        gender,
      </if>
    </trim>
    <trim prefix="values (" suffix=")" suffixOverrides=",">
      <if test="uid != null">
        #{uid,jdbcType=VARCHAR},
      </if>
      <if test="openid != null">
        #{openid,jdbcType=CHAR},
      </if>
      <if test="nickname != null">
        #{nickname,jdbcType=VARCHAR},
      </if>
      <if test="token != null">
        #{token,jdbcType=VARCHAR},
      </if>
      <if test="avatarurl != null">
        #{avatarurl,jdbcType=VARCHAR},
      </if>
      <if test="gender != null">
        #{gender,jdbcType=TINYINT},
      </if>
    </trim>
  </insert>
  <select id="countByExample" parameterType="com.example.demo.Model.UserExample" resultType="java.lang.Long">
    select count(*) from user
    <if test="_parameter != null">
      <include refid="Example_Where_Clause" />
    </if>
  </select>
  <update id="updateByExampleSelective" parameterType="map">
    update user
    <set>
      <if test="record.uid != null">
        uid = #{record.uid,jdbcType=VARCHAR},
      </if>
      <if test="record.openid != null">
        openid = #{record.openid,jdbcType=CHAR},
      </if>
      <if test="record.nickname != null">
        nickName = #{record.nickname,jdbcType=VARCHAR},
      </if>
      <if test="record.token != null">
        token = #{record.token,jdbcType=VARCHAR},
      </if>
      <if test="record.avatarurl != null">
        avatarUrl = #{record.avatarurl,jdbcType=VARCHAR},
      </if>
      <if test="record.gender != null">
        gender = #{record.gender,jdbcType=TINYINT},
      </if>
    </set>
    <if test="_parameter != null">
      <include refid="Update_By_Example_Where_Clause" />
    </if>
  </update>
  <update id="updateByExample" parameterType="map">
    update user
    set uid = #{record.uid,jdbcType=VARCHAR},
      openid = #{record.openid,jdbcType=CHAR},
      nickName = #{record.nickname,jdbcType=VARCHAR},
      token = #{record.token,jdbcType=VARCHAR},
      avatarUrl = #{record.avatarurl,jdbcType=VARCHAR},
      gender = #{record.gender,jdbcType=TINYINT}
    <if test="_parameter != null">
      <include refid="Update_By_Example_Where_Clause" />
    </if>
  </update>
  <update id="updateByPrimaryKeySelective" parameterType="com.example.demo.Model.User">
    update user
    <set>
      <if test="openid != null">
        openid = #{openid,jdbcType=CHAR},
      </if>
      <if test="nickname != null">
        nickName = #{nickname,jdbcType=VARCHAR},
      </if>
      <if test="token != null">
        token = #{token,jdbcType=VARCHAR},
      </if>
      <if test="avatarurl != null">
        avatarUrl = #{avatarurl,jdbcType=VARCHAR},
      </if>
      <if test="gender != null">
        gender = #{gender,jdbcType=TINYINT},
      </if>
    </set>
    where uid = #{uid,jdbcType=VARCHAR}
  </update>
  <update id="updateByPrimaryKey" parameterType="com.example.demo.Model.User">
    update user
    set openid = #{openid,jdbcType=CHAR},
      nickName = #{nickname,jdbcType=VARCHAR},
      token = #{token,jdbcType=VARCHAR},
      avatarUrl = #{avatarurl,jdbcType=VARCHAR},
      gender = #{gender,jdbcType=TINYINT}
    where uid = #{uid,jdbcType=VARCHAR}
  </update>
  <select id="selectByExampleWithRowbounds" parameterType="com.example.demo.Model.UserExample" resultMap="BaseResultMap">
    select
    <if test="distinct">
      distinct
    </if>
    <include refid="Base_Column_List" />
    from user
    <if test="_parameter != null">
      <include refid="Example_Where_Clause" />
    </if>
    <if test="orderByClause != null">
      order by ${orderByClause}
    </if>
  </select>
</mapper>