/*
Navicat MySQL Data Transfer

Source Server         : localhost_3306
Source Server Version : 50562
Source Host           : localhost:3306
Source Database       : t10

Target Server Type    : MYSQL
Target Server Version : 50562
File Encoding         : 65001

Date: 2019-09-17 11:18:00
*/

SET FOREIGN_KEY_CHECKS=0;

-- ----------------------------
-- Table structure for `sys_dept`
-- ----------------------------
DROP TABLE IF EXISTS `sys_dept`;
CREATE TABLE `sys_dept` (
  `dept_id` bigint(20) NOT NULL AUTO_INCREMENT,
  `parent_id` bigint(20) DEFAULT NULL COMMENT '上级部门ID，一级部门为0',
  `name` varchar(50) DEFAULT NULL COMMENT '部门名称',
  `order_num` int(11) DEFAULT NULL COMMENT '排序',
  `del_flag` tinyint(4) DEFAULT '0' COMMENT '是否删除  -1：已删除  0：正常',
  PRIMARY KEY (`dept_id`)
) ENGINE=InnoDB AUTO_INCREMENT=6 DEFAULT CHARSET=utf8mb4 COMMENT='部门管理';

-- ----------------------------
-- Records of sys_dept
-- ----------------------------
INSERT INTO `sys_dept` VALUES ('1', '0', '人人开源集团', '0', '0');
INSERT INTO `sys_dept` VALUES ('2', '1', '长沙分公司', '1', '0');
INSERT INTO `sys_dept` VALUES ('3', '1', '上海分公司', '2', '0');
INSERT INTO `sys_dept` VALUES ('4', '3', '技术部', '0', '0');
INSERT INTO `sys_dept` VALUES ('5', '3', '销售部', '1', '0');

-- ----------------------------
-- Table structure for `sys_menu`
-- ----------------------------
DROP TABLE IF EXISTS `sys_menu`;
CREATE TABLE `sys_menu` (
  `menu_id` bigint(20) NOT NULL AUTO_INCREMENT,
  `parent_id` bigint(20) DEFAULT NULL COMMENT '父菜单ID，一级菜单为0',
  `name` varchar(50) DEFAULT NULL COMMENT '菜单名称',
  `url` varchar(200) DEFAULT NULL COMMENT '菜单URL',
  `perms` varchar(500) DEFAULT NULL COMMENT '授权(多个用逗号分隔，如：user:list,user:create)',
  `type` int(11) DEFAULT NULL COMMENT '类型   0：目录   1：菜单   2：按钮',
  `icon` varchar(50) DEFAULT NULL COMMENT '菜单图标',
  `order_num` int(11) DEFAULT NULL COMMENT '排序',
  PRIMARY KEY (`menu_id`)
) ENGINE=InnoDB AUTO_INCREMENT=41 DEFAULT CHARSET=utf8mb4 COMMENT='菜单管理';

-- ----------------------------
-- Records of sys_menu
-- ----------------------------
INSERT INTO `sys_menu` VALUES ('1', '0', '系统管理', null, null, '0', 'fa fa-cog', '0');
INSERT INTO `sys_menu` VALUES ('2', '1', '管理员管理', 'modules/sys/user.html', null, '1', 'fa fa-user', '1');
INSERT INTO `sys_menu` VALUES ('3', '1', '角色管理', 'modules/sys/role.html', null, '1', 'fa fa-user-secret', '2');
INSERT INTO `sys_menu` VALUES ('4', '1', '菜单管理', 'modules/sys/menu.html', null, '1', 'fa fa-th-list', '3');
INSERT INTO `sys_menu` VALUES ('5', '1', 'SQL监控', 'druid/sql.html', null, '1', 'fa fa-bug', '4');
INSERT INTO `sys_menu` VALUES ('6', '1', '定时任务', 'modules/job/schedule.html', null, '1', 'fa fa-tasks', '5');
INSERT INTO `sys_menu` VALUES ('7', '6', '查看', null, 'sys:schedule:list,sys:schedule:info', '2', null, '0');
INSERT INTO `sys_menu` VALUES ('8', '6', '新增', null, 'sys:schedule:save', '2', null, '0');
INSERT INTO `sys_menu` VALUES ('9', '6', '修改', null, 'sys:schedule:update', '2', null, '0');
INSERT INTO `sys_menu` VALUES ('10', '6', '删除', null, 'sys:schedule:delete', '2', null, '0');
INSERT INTO `sys_menu` VALUES ('11', '6', '暂停', null, 'sys:schedule:pause', '2', null, '0');
INSERT INTO `sys_menu` VALUES ('12', '6', '恢复', null, 'sys:schedule:resume', '2', null, '0');
INSERT INTO `sys_menu` VALUES ('13', '6', '立即执行', null, 'sys:schedule:run', '2', null, '0');
INSERT INTO `sys_menu` VALUES ('14', '6', '日志列表', null, 'sys:schedule:log', '2', null, '0');
INSERT INTO `sys_menu` VALUES ('15', '2', '查看', null, 'sys:user:list,sys:user:info', '2', null, '0');
INSERT INTO `sys_menu` VALUES ('16', '2', '新增', null, 'sys:user:save,sys:role:select', '2', null, '0');
INSERT INTO `sys_menu` VALUES ('17', '2', '修改', null, 'sys:user:update,sys:role:select', '2', null, '0');
INSERT INTO `sys_menu` VALUES ('18', '2', '删除', null, 'sys:user:delete', '2', null, '0');
INSERT INTO `sys_menu` VALUES ('19', '3', '查看', null, 'sys:role:list,sys:role:info', '2', null, '0');
INSERT INTO `sys_menu` VALUES ('20', '3', '新增', null, 'sys:role:save,sys:menu:perms', '2', null, '0');
INSERT INTO `sys_menu` VALUES ('21', '3', '修改', null, 'sys:role:update,sys:menu:perms', '2', null, '0');
INSERT INTO `sys_menu` VALUES ('22', '3', '删除', null, 'sys:role:delete', '2', null, '0');
INSERT INTO `sys_menu` VALUES ('23', '4', '查看', null, 'sys:menu:list,sys:menu:info', '2', null, '0');
INSERT INTO `sys_menu` VALUES ('24', '4', '新增', null, 'sys:menu:save,sys:menu:select', '2', null, '0');
INSERT INTO `sys_menu` VALUES ('25', '4', '修改', null, 'sys:menu:update,sys:menu:select', '2', null, '0');
INSERT INTO `sys_menu` VALUES ('26', '4', '删除', null, 'sys:menu:delete', '2', null, '0');
INSERT INTO `sys_menu` VALUES ('27', '1', '参数管理', 'modules/sys/config.html', 'sys:config:list,sys:config:info,sys:config:save,sys:config:update,sys:config:delete', '1', 'fa fa-sun-o', '6');
INSERT INTO `sys_menu` VALUES ('29', '1', '系统日志', 'modules/sys/log.html', 'sys:log:list', '1', 'fa fa-file-text-o', '7');
INSERT INTO `sys_menu` VALUES ('30', '1', '文件上传', 'modules/oss/oss.html', 'sys:oss:all', '1', 'fa fa-file-image-o', '6');
INSERT INTO `sys_menu` VALUES ('31', '1', '部门管理', 'modules/sys/dept.html', null, '1', 'fa fa-file-code-o', '1');
INSERT INTO `sys_menu` VALUES ('32', '31', '查看', null, 'sys:dept:list,sys:dept:info', '2', null, '0');
INSERT INTO `sys_menu` VALUES ('33', '31', '新增', null, 'sys:dept:save,sys:dept:select', '2', null, '0');
INSERT INTO `sys_menu` VALUES ('34', '31', '修改', null, 'sys:dept:update,sys:dept:select', '2', null, '0');
INSERT INTO `sys_menu` VALUES ('35', '31', '删除', null, 'sys:dept:delete', '2', null, '0');
INSERT INTO `sys_menu` VALUES ('36', '1', '字典管理', 'modules/sys/dict.html', null, '1', 'fa fa-bookmark-o', '6');
INSERT INTO `sys_menu` VALUES ('37', '36', '查看', null, 'sys:dict:list,sys:dict:info', '2', null, '6');
INSERT INTO `sys_menu` VALUES ('38', '36', '新增', null, 'sys:dict:save', '2', null, '6');
INSERT INTO `sys_menu` VALUES ('39', '36', '修改', null, 'sys:dict:update', '2', null, '6');
INSERT INTO `sys_menu` VALUES ('40', '36', '删除', null, 'sys:dict:delete', '2', null, '6');

-- ----------------------------
-- Table structure for `sys_role`
-- ----------------------------
DROP TABLE IF EXISTS `sys_role`;
CREATE TABLE `sys_role` (
  `role_id` bigint(20) NOT NULL AUTO_INCREMENT,
  `role_name` varchar(100) DEFAULT NULL COMMENT '角色名称',
  `remark` varchar(100) DEFAULT NULL COMMENT '备注',
  `create_date` datetime DEFAULT NULL COMMENT '创建时间',
  `create_by` bigint(20) DEFAULT NULL,
  PRIMARY KEY (`role_id`)
) ENGINE=InnoDB AUTO_INCREMENT=3 DEFAULT CHARSET=utf8mb4 COMMENT='角色';

-- ----------------------------
-- Records of sys_role
-- ----------------------------
INSERT INTO `sys_role` VALUES ('1', '运维角色', null, '2019-09-12 09:55:49', '1');
INSERT INTO `sys_role` VALUES ('2', '用户角色', null, '2019-09-12 09:56:16', '1');

-- ----------------------------
-- Table structure for `sys_role_menu`
-- ----------------------------
DROP TABLE IF EXISTS `sys_role_menu`;
CREATE TABLE `sys_role_menu` (
  `id` bigint(20) NOT NULL AUTO_INCREMENT,
  `role_id` bigint(20) DEFAULT NULL COMMENT '角色ID',
  `menu_id` bigint(20) DEFAULT NULL COMMENT '菜单ID',
  PRIMARY KEY (`id`)
) ENGINE=InnoDB AUTO_INCREMENT=4 DEFAULT CHARSET=utf8mb4 COMMENT='角色与菜单对应关系';

-- ----------------------------
-- Records of sys_role_menu
-- ----------------------------
INSERT INTO `sys_role_menu` VALUES ('1', '1', '4');
INSERT INTO `sys_role_menu` VALUES ('2', '1', '5');
INSERT INTO `sys_role_menu` VALUES ('3', '2', '37');

-- ----------------------------
-- Table structure for `sys_user`
-- ----------------------------
DROP TABLE IF EXISTS `sys_user`;
CREATE TABLE `sys_user` (
  `user_id` bigint(20) NOT NULL AUTO_INCREMENT,
  `username` varchar(50) NOT NULL COMMENT '用户名',
  `password` varchar(100) DEFAULT NULL COMMENT '密码',
  `salt` varchar(20) DEFAULT NULL COMMENT '盐',
  `status` tinyint(4) DEFAULT NULL COMMENT '状态  0：禁用   1：正常',
  `dept_id` bigint(20) DEFAULT NULL COMMENT '部门ID',
  `create_date` datetime DEFAULT NULL COMMENT '创建时间',
  `create_by` bigint(20) DEFAULT NULL,
  PRIMARY KEY (`user_id`),
  UNIQUE KEY `username` (`username`)
) ENGINE=InnoDB AUTO_INCREMENT=4 DEFAULT CHARSET=utf8mb4 COMMENT='系统用户';

-- ----------------------------
-- Records of sys_user
-- ----------------------------
INSERT INTO `sys_user` VALUES ('1', 'admin', 'e1153123d7d180ceeb820d577ff119876678732a68eef4e6ffc0b1f06a01f91b', 'YzcmCZNvbXocrsz9dm8e', '1', '1', '2016-11-11 11:11:11', null);
INSERT INTO `sys_user` VALUES ('2', 'user01', '2222222', '2222', '1', '1', '2019-09-12 09:59:08', '1');
INSERT INTO `sys_user` VALUES ('3', 'user02', '33333', '333', '1', '1', '2019-09-12 09:59:46', '1');

-- ----------------------------
-- Table structure for `sys_user_role`
-- ----------------------------
DROP TABLE IF EXISTS `sys_user_role`;
CREATE TABLE `sys_user_role` (
  `id` bigint(20) NOT NULL AUTO_INCREMENT,
  `user_id` bigint(20) DEFAULT NULL COMMENT '用户ID',
  `role_id` bigint(20) DEFAULT NULL COMMENT '角色ID',
  PRIMARY KEY (`id`)
) ENGINE=InnoDB AUTO_INCREMENT=4 DEFAULT CHARSET=utf8mb4 COMMENT='用户与角色对应关系';

-- ----------------------------
-- Records of sys_user_role
-- ----------------------------
INSERT INTO `sys_user_role` VALUES ('1', '2', '2');
INSERT INTO `sys_user_role` VALUES ('2', '3', '1');
INSERT INTO `sys_user_role` VALUES ('3', '2', '1');
